tx_id,from_wallet,to_wallet,amount,timestamp,token
1,Alice,John,10,2026-01-01 10:00:00,ETH
2,Alice,Mike,10,2026-01-01 10:01:00,ETH
3,Alice,Sara,10,2026-01-01 10:02:00,ETH
4,Alice,David,10,2026-01-01 10:03:00,ETH
5,Alice,Emma,10,2026-01-01 10:04:00,ETH
6,John,Alex,10,2026-01-01 10:08:00,ETH
7,Mike,Alex,10,2026-01-01 10:09:00,ETH
8,Sara,Alex,10,2026-01-01 10:10:00,ETH
9,David,Alex,10,2026-01-01 10:11:00,ETH
10,Emma,Alex,10,2026-01-01 10:12:00,ETH
11,Tom,Harry,50,2026-01-01 10:33:00,BTC
12,Harry,Lucas,50,2026-01-01 10:48:00,BTC
13,Emma,Noah,3,2026-01-01 11:03:00,ETH
14,Noah,Liam,3,2026-01-01 11:18:00,ETH
15,Liam,Olivia,3,2026-01-01 11:33:00,ETH
16,Robert,Kevin,1,2026-01-01 12:18:00,USDT
17,Robert,Chris,1,2026-01-01 12:19:00,USDT
18,Robert,Daniel,1,2026-01-01 12:20:00,USDT
19,Kevin,Victor,1,2026-01-01 12:24:00,USDT
20,Chris,Victor,1,2026-01-01 12:25:00,USDT
21,Daniel,Victor,1,2026-01-01 12:26:00,USDT
22,Ben,Ethan,8,2026-01-01 12:27:00,USDT
23,Clara,Daniela,8,2026-01-01 12:37:00,USDT
24,Sophia,Sarah,8,2026-01-01 12:47:00,USDT
25,Michael,Emily,8,2026-01-01 12:57:00,USDT
26,Ethan,Grace,8,2026-01-01 13:07:00,USDT
27,Daniela,Oliver,8,2026-01-01 13:17:00,USDT
28,Sarah,Henry,8,2026-01-01 13:27:00,USDT
29,Emily,Isla,8,2026-01-01 13:37:00,USDT
30,Grace,Leo,8,2026-01-01 13:47:00,USDT
31,Oliver,Ava,8,2026-01-01 13:57:00,USDT
32,Henry,Samuel,8,2026-01-01 14:07:00,USDT
33,Isla,Joseph,8,2026-01-01 14:17:00,USDT
34,Leo,Nina,8,2026-01-01 14:27:00,USDT
35,Ava,Paula,8,2026-01-01 14:37:00,USDT
36,Samuel,James,8,2026-01-01 14:47:00,USDT
37,Joseph,Anna,8,2026-01-01 14:57:00,USDT
38,Nina,Ben,8,2026-01-01 15:07:00,USDT
39,Paula,Clara,8,2026-01-01 15:17:00,USDT
40,James,Sophia,8,2026-01-01 15:27:00,USDT
41,Anna,Michael,8,2026-01-01 15:37:00,USDT
42,Ben,Ethan,8,2026-01-01 15:47:00,USDT
43,Clara,Daniela,8,2026-01-01 15:57:00,USDT
44,Sophia,Sarah,8,2026-01-01 16:07:00,USDT
45,Michael,Emily,8,2026-01-01 16:17:00,USDT
46,Ethan,Grace,8,2026-01-01 16:27:00,USDT
47,Daniela,Oliver,8,2026-01-01 16:37:00,USDT
48,Sarah,Henry,8,2026-01-01 16:47:00,USDT
49,Emily,Isla,8,2026-01-01 16:57:00,USDT
50,Grace,Leo,8,2026-01-01 17:07:00,USDT
